<?xml version="1.0" encoding="utf-8"?>
<edmx:Edmx Version="1.0" xmlns:edmx="http://schemas.microsoft.com/ado/2007/06/edmx"
	xmlns:m="http://schemas.microsoft.com/ado/2007/08/dataservices/metadata" xmlns:sap="http://www.sap.com/Protocols/SAPData">
	<edmx:DataServices m:DataServiceVersion="2.0">
		<Schema Namespace="ZTRANSPORTMANAGER_SRV" xml:lang="en" sap:schema-version="1" xmlns="http://schemas.microsoft.com/ado/2008/09/edm">
			<EntityType Name="ProjectMaint" sap:content-version="1">
				<Key><PropertyRef Name="IvProjName"/></Key><Property Name="IvCmd" Type="Edm.String" Nullable="false" MaxLength="1" sap:unicode="false" sap:label="Single-Character Flag"
					sap:creatable="false" sap:updatable="false" sap:sortable="false" sap:filterable="false"/><Property Name="IvCycle" Type="Edm.String" Nullable="false" MaxLength="10" sap:unicode="false" sap:label="Proj.Cycle" sap:creatable="false"
					sap:updatable="false" sap:sortable="false" sap:filterable="false"/><Property Name="IvFreezeStatus" Type="Edm.String" Nullable="false" MaxLength="1" sap:unicode="false" sap:label="Freeze Status"
					sap:creatable="false" sap:updatable="false" sap:sortable="false" sap:filterable="false"/><Property Name="IvProjName" Type="Edm.String" Nullable="false" MaxLength="30" sap:unicode="false" sap:label="Project Name"
					sap:creatable="false" sap:updatable="false" sap:sortable="false" sap:filterable="false"/><Property Name="IvSeq" Type="Edm.String" Nullable="false" MaxLength="2" sap:unicode="false" sap:label="Proj.Seq#" sap:creatable="false"
					sap:updatable="false" sap:sortable="false" sap:filterable="false"/><Property Name="IvStatus" Type="Edm.String" Nullable="false" MaxLength="10" sap:unicode="false" sap:label="Status" sap:creatable="false"
					sap:updatable="false" sap:sortable="false" sap:filterable="false"/><Property Name="IvTargetEnv" Type="Edm.String" Nullable="false" MaxLength="1" sap:unicode="false" sap:label="Target Environment"
					sap:creatable="false" sap:updatable="false" sap:sortable="false" sap:filterable="false"/></EntityType>
			<EntityType Name="TransportManager" sap:content-version="1">
				<Key><PropertyRef Name="IvProjName"/></Key><Property Name="IvApprovalStatus" Type="Edm.String" Nullable="false" MaxLength="10" sap:unicode="false" sap:label="Approval Status"
					sap:creatable="false" sap:updatable="false" sap:sortable="false" sap:filterable="false"/><Property Name="IvApprovedBy" Type="Edm.String" Nullable="false" MaxLength="12" sap:unicode="false" sap:label="User" sap:creatable="false"
					sap:updatable="false" sap:sortable="false" sap:filterable="false"/><Property Name="IvCmd" Type="Edm.String" Nullable="false" MaxLength="1" sap:unicode="false" sap:label="Single-Character Flag"
					sap:creatable="false" sap:updatable="false" sap:sortable="false" sap:filterable="false"/><Property Name="IvCycle" Type="Edm.String" Nullable="false" MaxLength="10" sap:unicode="false" sap:label="Proj.Cycle" sap:creatable="false"
					sap:updatable="false" sap:sortable="false" sap:filterable="false"/><Property Name="IvPcr" Type="Edm.String" Nullable="false" MaxLength="10" sap:unicode="false" sap:label="PCR #" sap:creatable="false"
					sap:updatable="false" sap:sortable="false" sap:filterable="false"/><Property Name="IvProjName" Type="Edm.String" Nullable="false" MaxLength="30" sap:unicode="false" sap:label="Project Name"
					sap:creatable="false" sap:updatable="false" sap:sortable="false" sap:filterable="false"/><Property Name="IvSeq" Type="Edm.String" Nullable="false" MaxLength="4" sap:unicode="false" sap:label="Seq #" sap:creatable="false"
					sap:updatable="false" sap:sortable="false" sap:filterable="false"/><Property Name="IvTargetEnv" Type="Edm.String" Nullable="false" MaxLength="1" sap:unicode="false" sap:label="Target Environment"
					sap:creatable="false" sap:updatable="false" sap:sortable="false" sap:filterable="false"/><Property Name="IvTransport" Type="Edm.String" Nullable="false" MaxLength="20" sap:unicode="false" sap:label="Request/Task"
					sap:creatable="false" sap:updatable="false" sap:sortable="false" sap:filterable="false"/></EntityType>
			<EntityContainer Name="ZTRANSPORTMANAGER_SRV_Entities" m:IsDefaultEntityContainer="true" sap:supported-formats="atom json xlsx"><EntitySet Name="ProjectMaintSet" EntityType="ZTRANSPORTMANAGER_SRV.ProjectMaint" sap:creatable="false" sap:updatable="false"
				sap:deletable="false" sap:pageable="false" sap:content-version="1"/><EntitySet Name="TransportManagerSet" EntityType="ZTRANSPORTMANAGER_SRV.TransportManager" sap:creatable="false" sap:updatable="false"
				sap:deletable="false" sap:pageable="false" sap:content-version="1"/></EntityContainer><atom:link rel="self"
				href="https://webidecp-amhz3ip7dc.dispatcher.us2.hana.ondemand.com/destinations/SM1/sap/opu/odata/sap/ZTRANSPORTMANAGER_SRV/$metadata"
				xmlns:atom="http://www.w3.org/2005/Atom"/><atom:link rel="latest-version"
				href="https://webidecp-amhz3ip7dc.dispatcher.us2.hana.ondemand.com/destinations/SM1/sap/opu/odata/sap/ZTRANSPORTMANAGER_SRV/$metadata"
				xmlns:atom="http://www.w3.org/2005/Atom"/></Schema>
	</edmx:DataServices>
</edmx:Edmx>